[
  {
    "id_product": 11,
    "product_name": "Milk bowl",
    "img_product": "img/product_1.jpg",
    "price": 7500
  },
  {
    "id_product": 12,
    "product_name": "cappuccino set",
    "img_product": "img/product_2.jpg",
    "price": 12800
  },
  {
      "id_product": 13,
      "product_name": "contour vase",
      "img_product": "img/product_3.jpg",
      "price": 5380
    },
    {
      "id_product": 14,
      "product_name": "lamp drop",
      "img_product": "img/product_4.jpg",
      "price": 10100
    },
    {
      "id_product": 15,
      "product_name": "Golden lamp",
      "img_product": "img/product_5.jpg",
      "price": 6000
    },
    {
      "id_product": 16,
      "product_name": "Golden chair",
      "img_product": "img/product_6.jpg",
      "price": 37000
    },
    {
      "id_product": 17,
      "product_name": "rope set for photos",
      "img_product": "img/product_7.jpg",
      "price": 3500
    }
]